Model,Accuracy,Precision,Recall,F1,ROC_AUC
Logistic Regression,0.7083333333333334,0.35,0.4666666666666667,0.4,0.6912280701754385
Decision Tree,0.6666666666666666,0.2,0.2,0.2,0.5070175438596491
KNN,0.8055555555555556,1.0,0.06666666666666667,0.125,0.6374269005847953
Random Forest,0.7777777777777778,0.3333333333333333,0.06666666666666667,0.1111111111111111,0.6654970760233918
